<?xml version="1.0" encoding="UTF-8"?>

<!--
    Document   : SandBox_Cloud_Config.xml
    Created on : May 3, 2010, 11:50 PM
    Author     : msegel
    Description:
        Purpose of the document follows.
-->

<configuration>
  <!-- hbase-site.xml -->
 <property>
    <name>hbase.zookeeper.quorum</name>
<!-- 
    <value>dchilcmsdn18,dchilcmsdn19,dchilcmsdn20</value>  
    <value>dchilcmsdn01, dchilcmsdn02,dchilcmsdn03</value> -->
    <value>schilcmsdn01,schilcmsdn02,schilcmsdn03</value>
  </property>
<property>
  <name>hbase.zookeeper.property.clientPort</name>
  <value>2181</value>
</property>
</configuration>