<?xml version="1.0" encoding="ISO-8859-1"?>
<!DOCTYPE web-app
    PUBLIC "-//Sun Microsystems, Inc.//DTD Web Application 2.3//EN"
    "http://java.sun.com/dtd/web-app_2_3.dtd">

<web-app>
    <filter>
        <filter-name>confilter1</filter-name>
        <filter-class>ConLimitFilter</filter-class>
		<init-param>
			<param-name>limit</param-name>
			<param-value>3</param-value>
		</init-param>
    </filter>

    <filter>
        <filter-name>errorfilter1</filter-name>
        <filter-class>ErrorResponseFilter</filter-class>
		<init-param>
			<param-name>error-503</param-name>
			<param-value>http://www.pat.net/</param-value>
		</init-param>
    </filter>

    <filter>
        <filter-name>defaultsfilter1</filter-name>
        <filter-class>RequestDefaultsFilter</filter-class>
		<init-param>
			<param-name>time</param-name>
			<param-value>3</param-value>
		</init-param>
    </filter>

    <filter>
        <filter-name>linkfilter1</filter-name>
        <filter-class>LinkResponseFilter</filter-class>
		<init-param>
			<param-name>[Ss]ervlet</param-name>
			<param-value>http://www.ora.com/catalog/learnjava</param-value>
		</init-param>
    </filter>

    <filter-mapping>
		<filter-name>errorfilter1</filter-name>
		<url-pattern>/*</url-pattern>
    </filter-mapping>

    <filter-mapping>
		<filter-name>confilter1</filter-name>
		<url-pattern>/*</url-pattern>
    </filter-mapping>


    <filter-mapping>
		<filter-name>defaultsfilter1</filter-name>
		<servlet-name>waitservlet1</servlet-name>
    </filter-mapping>

    <filter-mapping>
		<filter-name>linkfilter1</filter-name>
		<servlet-name>waitservlet1</servlet-name>
    </filter-mapping>

    <servlet>
        <servlet-name>helloclient1</servlet-name>
        <servlet-class>HelloClient</servlet-class>
    </servlet>

    <servlet-mapping>
        <servlet-name>helloclient1</servlet-name>
        <url-pattern>/hello</url-pattern>
    </servlet-mapping>

    <servlet>
        <servlet-name>waitservlet1</servlet-name>
        <servlet-class>WaitServlet</servlet-class>
    </servlet>

    <servlet-mapping>
        <servlet-name>waitservlet1</servlet-name>
        <url-pattern>/wait</url-pattern>
    </servlet-mapping>

    <servlet>
        <servlet-name>cookiecutter1</servlet-name>
        <servlet-class>CookieCutter</servlet-class>
    </servlet>

    <servlet-mapping>
        <servlet-name>cookiecutter1</servlet-name>
        <url-pattern>/cookiecutter</url-pattern>
    </servlet-mapping>

    <servlet>
        <servlet-name>shoppingcart1</servlet-name>
        <servlet-class>ShoppingCart</servlet-class>
    </servlet>

    <servlet-mapping>
        <servlet-name>shoppingcart1</servlet-name>
        <url-pattern>/shoppingcart</url-pattern>
    </servlet-mapping>

    <servlet>
        <servlet-name>showparameters1</servlet-name>
        <servlet-class>ShowParameters</servlet-class>
    </servlet>

    <servlet-mapping>
        <servlet-name>showparameters1</servlet-name>
        <url-pattern>/showparameters</url-pattern>
    </servlet-mapping>

    <servlet>
        <servlet-name>showsession1</servlet-name>
        <servlet-class>ShowSession</servlet-class>
    </servlet>

    <servlet-mapping>
        <servlet-name>showsession1</servlet-name>
        <url-pattern>/showsession</url-pattern>
    </servlet-mapping>

    <security-constraint>
      <web-resource-collection>
         <web-resource-name>Protected Area</web-resource-name>
         <url-pattern>/secure/*</url-pattern>
      </web-resource-collection>
      <auth-constraint>
         <role-name>superman</role-name>
      </auth-constraint>
    </security-constraint>

    <login-config>
      <auth-method>FORM</auth-method>
      <realm-name>Example Form-Based Authentication Area</realm-name>
      <form-login-config>
        <form-login-page>/login.html</form-login-page>
        <form-error-page>/login_error.html</form-error-page>
      </form-login-config>
    </login-config>

</web-app>
