<?xml version="1.0" encoding="UTF-8"?>
<!--DOCTYPE inventory SYSTEM "zooinventory.dtd"-->
<!--?xml-stylesheet type="text/xsl" href="zooinventory.xsl"?-->
<inventory>
    <animal animalClass="mammal">
        <name>Song Fang</name>
        <species>Giant Panda</species>
        <habitat>China</habitat>
        <food>Bamboo</food>
        <temperament>Friendly</temperament>
        <weight>45.0</weight>
    </animal>
    <animal animalClass="mammal">
        <name>Cocoa</name>
        <species>Gorilla</species>
        <habitat>Central Africa</habitat>
        <foodRecipe>
            <name>Gorilla Chow</name>
            <ingredient>fruit</ingredient>
            <ingredient>shoots</ingredient>
            <ingredient>leaves</ingredient>
        </foodRecipe>
        <temperament>Know-it-all</temperament>
        <weight>45.0</weight>
    </animal>
</inventory>
